<?xml version="1.0" encoding="UTF-8"?>
<beans xmlns="http://www.springframework.org/schema/beans"
	xmlns:xsi="http://www.w3.org/2001/XMLSchema-instance"
	xmlns:context="http://www.springframework.org/schema/context"
	xmlns:tx="http://www.springframework.org/schema/tx"
	xsi:schemaLocation="http://www.springframework.org/schema/beans http://www.springframework.org/schema/beans/spring-beans.xsd
		http://www.springframework.org/schema/context http://www.springframework.org/schema/context/spring-context.xsd
		http://www.springframework.org/schema/tx http://www.springframework.org/schema/tx/spring-tx.xsd">

	<context:annotation-config></context:annotation-config>
	<context:component-scan base-package="members"></context:component-scan>
	<context:component-scan base-package="orders"></context:component-scan>
	<context:component-scan base-package="products"></context:component-scan>
	<context:component-scan base-package="supplies"></context:component-scan>

	<bean id="sessionFactory" destroy-method="destroy"
		class="org.springframework.orm.hibernate5.LocalSessionFactoryBean">
		<property name="dataSource" ref="dataSource"></property>
		<property name="annotatedClasses">
			<array>
				<value>members.MembersBean</value>
				<value>members.MemberSportBean</value>
				<value>members.DietBean</value>
				<value>members.BodyInformationBean</value>
				<value>members.SleepingBean</value>
				<value>orders.OrdersBean</value>
				<value>orders.OrderDetailsBean</value>
				<value>products.ProductsBean</value>
				<value>supplies.SuppliesBean</value>
			</array>
		</property>
		<property name="hibernateProperties">
			<props>
				<prop key="hibernate.dialect">org.hibernate.dialect.MySQLDialect</prop>
				<prop key="hibernate.show_sql">true</prop>
				<prop key="hibernate.hbm2ddl.auto">validate</prop>
			</props>
		</property>
	</bean>

	<bean id="dataSource" class="com.zaxxer.hikari.HikariDataSource">
		<constructor-arg>
			<bean class="com.zaxxer.hikari.HikariConfig">
				<property name="driverClassName"
					value="com.mysql.cj.jdbc.Driver"></property>
				<property name="jdbcUrl"
					value="jdbc:mysql://localhost:3306/finalproject?serverTimezone=Asia/Taipei"></property>
				<property name="username" value="root"></property>
				<property name="password" value="root"></property>
				<property name="dataSourceProperties">
					<props>
						<prop key="cachePrepStmts">true</prop>
						<prop key="prepStmtCacheSize">250</prop>
						<prop key="prepStmtCacheSqlLimit">2048</prop>
					</props>
				</property>
			</bean>
		</constructor-arg>
	</bean>
	
	<tx:annotation-driven/>

	<bean id="transactionManager" class="org.springframework.orm.hibernate5.HibernateTransactionManager">
		<constructor-arg ref="sessionFactory"></constructor-arg>
	</bean>

</beans>
